;MUNICIPIO;JAN;FEV;MAR;ABR;MAI;JUN;JUL;AGO;SET;OUT;NOV;DEZ
0;Arapiraca;37.5;58.0;57.0;58.5;155.0;350.0;172.5;72.0;77.5;7.5;0.0;23.0
1;Atalaia;113.0;14.5;118.0;170.0;323.5;329.5;262.5;91.0;122.0;20.5;0.0;59.0
2;Barra de São Antônio;83.2;46.4;126.7;235.9;350.4;345.8;266.9;188.0;53.2;55.8;16.8;80.4
3;Barra de São Miguel;121.6;59.7;79.3;335.7;231.3;357.2;242.1;87.0;96.2;51.8;29.6;55.0
4;Batalha;20.2;10.1;26.2;41.5;54.8;128.8;45.0;26.2;22.0;0.2;0.0;3.8
5;Belo Monte;56.4;20.7;73.0;31.0;93.7;132.9;102.0;47.3;23.0;0.0;0.0;7.2
6;Campestre;183.2;84.2;137.4;262.2;273.2;339.0;236.0;147.0;85.0;22.2;8.7;73.2
7;Capela;111.5;43.5;158.0;169.0;302.0;359.5;239.5;116.0;87.0;23.5;2.0;73.5
8;Chã Preta;98.0;27.8;95.8;151.8;209.2;326.4;206.4;115.5;102.6;35.7;5.5;54.4
9;Colônia Leopoldina;200.8;75.0;104.4;195.0;261.2;346.6;250.6;132.2;102.2;22.2;26.4;120.4
10;Coqueiro Seco;124.0;13.6;113.8;238.8;401.1;338.8;269.0;125.0;102.6;51.0;16.2;97.4
11;Coruripe;98.8;50.0;117.8;216.8;486.6;353.2;262.2;124.8;86.4;21.8;23.6;48.8
12;Craíbas;49.8;10.6;20.0;21.0;70.8;149.4;104.6;37.8;33.8;3.0;2.6;7.0
13;Delmiro Gouveia ;22.3;1.0;83.8;23.8;23.4;156.0;25.4;17.0;16.0;0.0;0.5;8.0
14;Dois Riachos;25.5;9.2;28.9;115.7;52.2;201.0;48.3;11.7;28.8;0.6;1.2;11.4
15;Estrela de Alagoas;22.8;13.0;107.8;34.2;126.8;142.2;62.6;40.6;26.6;0.2;28.0;12.4
16;Feliz Deserto;52.0;49.0;113.4;159.2;315.2;424.2;270.0;130.0;93.2;53.0;21.2;32.6
17;Ibateguara;57.5;54.0;88.9;210.1;345.4;198.8;188.6;114.8;78.6;22.2;9.4;47.6
18;Igreja Nova;96.5;32.0;116.0;101.0;340.6;401.5;342.5;70.4;74.8;11.4;31.8;62.8
19;Inhapi;28.2;8.8;26.7;100.1;43.2;152.3;49.2;36.6;9.8;0.4;0.0;23.4
20;Jacuípe;27.6;7.0;112.0;81.0;46.0;260.0;277.0;112.0;93.8;0.8;16.0;63.8
21;Japaratinga;29.3;8.9;25.5;42.0;50.0;324.0;246.0;101.0;87.0;28.2;6.2;64.8
22;Jaramataia;26.6;9.8;105.0;41.4;49.4;170.2;98.8;23.6;24.2;0.6;1.0;11.8
23;Jequiá da Praia;109.0;104.0;30.3;20.0;189.0;289.0;294.0;114.0;70.6;29.6;32.4;25.2
24;Joaquim Gomes;101.8;117.6;119.0;241.0;288.4;337.2;332.2;185.6;122.6;58.6;15.0;46.0
25;Limoeiro de Anadia;100.0;33.2;57.8;59.0;149.0;258.8;186.8;78.2;73.6;17.2;4.4;20.2
26;Maceió;104.4;56.7;86.7;200.7;280.7;366.4;314.9;221.7;145.7;80.4;30.4;79.1
27;Maragogi;68.2;59.1;201.3;287.9;334.3;306.1;189.0;179.6;59.1;45.8;29.3;46.0
28;Maravilha;25.5;9.2;28.9;115.7;52.2;189.0;63.2;42.2;11.4;1.4;0.2;7.8
29;Marechal Deodoro;145.2;65.4;177.8;417.9;430.0;468.6;336.9;154.6;144.8;38.0;37.8;121.0
30;Marituba;96.5;32.0;118.0;108.0;348.6;406.5;353.5;106.0;124.0;20.0;42.5;70.0
31;Mata Grande;57.8;22.8;147.2;97.2;105.6;244.8;100.2;109.4;60.2;1.8;7.6;73.4
32;Matriz de Camaragibe;53.5;39.2;87.6;266.2;247.8;338.2;293.0;193.2;117.0;55.2;18.4;50.6
33;Messias;57.0;49.0;139.0;252.0;347.0;361.0;244.0;160.0;116.0;25.0;30.0;83.0
34;Murici;55.8;51.4;86.4;209.4;326.0;313.0;273.0;153.6;85.4;5.4;18.6;51.4
35;Murici;87.5;39.5;129.5;233.5;338.5;427.5;257.5;121.0;69.5;24.6;4.5;50.5
36;Olha D'agua do Casado;25.1;22.0;110.0;56.0;47.6;115.0;30.8;34.2;16.8;0.2;0.4;25.0
37;Pão de Açúcar;25.4;1.9;22.1;45.6;66.2;122.0;81.0;31.5;20.6;0.2;1.1;16.3
38;Paripueira;167.6;50.6;305.8;317.4;384.4;395.0;313.4;180.6;81.6;65.2;25.2;102.0
39;Passo de Camaragibe;104.0;31.0;43.0;114.0;306.0;200.2;332.4;232.6;124.2;46.4;2.6;81.2
40;Paulo Jacinto;66.0;26.3;47.4;102.1;105.2;211.4;133.8;52.3;53.4;19.8;2.2;35.9
41;Penedo;;53.0;128.9;156.0;123.0;435.0;337.0;109.4;89.4;33.4;34.0;72.8
42;Piaçabuçu;58.4;50.1;130.0;141.6;428.1;439.0;73.5;86.0;68.3;13.4;7.4;45.4
43;Pilar;111.0;22.0;178.0;281.0;420.0;401.0;394.0;186.0;170.0;51.0;7.0;57.0
44;Piranhas;12.5;3.8;25.0;23.3;58.7;116.2;43.4;19.3;16.6;0.0;1.0;7.8
45;Porto de Pedras;76.0;45.0;26.9;75.0;112.0;115.1;78.0;154.2;84.8;41.6;0.6;57.2
46;Porto Real do Colégio;75.6;40.0;80.7;75.0;102.0;237.8;65.0;32.0;43.6;6.6;15.0;51.6
47;Quebrangulo;39.4;31.5;79.7;66.9;134.1;233.6;158.1;71.8;64.5;19.5;2.0;18.9
48;Rio Largo;66.0;8.0;105.0;229.0;443.0;415.0;238.0;155.0;179.0;30.0;3.0;58.0
49;Roteiro;88.8;56.0;106.0;240.0;68.0;300.0;162.0;121.2;158.4;41.8;25.2;48.8
50;Santa Luzia Do Norte;33.0;23.0;72.0;275.0;411.0;382.0;406.0;181.0;158.0;61.0;14.0;80.0
51;Santana do Ipanema;43.0;15.0;71.2;172.0;94.0;270.0;111.0;54.0;48.0;0.0;14.0;18.0
52;Santana do Mundaú;81.0;67.4;67.8;164.8;178.6;314.8;245.0;106.2;75.6;27.2;17.2;92.8
53;São José da Laje;51.0;27.4;93.4;170.4;208.4;296.2;200.2;139.2;50.0;27.8;9.8;39.4
54;São José da Tapera;52.0;40.3;145.0;155.0;205.0;230.0;118.0;53.8;38.0;1.6;0.0;77.0
55;São Miguel dos Campos;54.6;27.4;144.4;185.2;198.6;287.0;217.0;86.8;93.2;26.2;15.4;49.0
56;São Miguel dos Milagres;78.0;28.7;147.0;202.0;207.0;252.2;320.7;183.8;71.0;46.8;9.2;122.0
57;São Sebastião;28.0;15.7;89.0;170.0;220.0;120.0;142.0;55.0;58.2;10.2;2.6;36.8
58;Satuba;81.4;25.4;88.2;205.7;403.0;368.4;300.1;129.5;107.2;41.5;8.6;55.4
59;Senador Rui Palmeira;25.5;5.6;82.2;30.0;52.6;117.4;57.8;35.6;26.6;0.6;0.6;8.4
60;Traipu;20.8;9.3;39.1;57.0;135.2;110.1;130.4;52.1;34.3;6.4;5.3;46.4
61;União dos Palmares;138.5;23.0;148.0;122.0;241.0;412.0;283.0;113.5;124.0;30.5;0.0;100.0
62;Viçosa;124.6;39.2;145.0;127.0;208.8;295.2;248.0;88.2;91.4;55.8;7.0;78.2
